[{"id":"52b7f2e0-6c94-11ed-a3b1-9f7d9f234359","title":"I phone 14","price":"799","image":"https://www.notebookcheck.net/fileadmin/Notebooks/News/_nc3/Apple_iPhone_14_Pro_Max_model_purple_price_ASP_drdNBC.jpg","description":"I phone 14(6, 128)"},{"id":"9fe8e5b0-6c99-11ed-985d-5d7ec97371f4","title":"Western dress for men","price":"52.75","image":"https://cdn0.weddingwire.in/article/5213/original/1280/jpg/103125-western-dresses-images-43.jpeg","description":"a very good looking dress for men"},{"id":"e1360690-6edf-11ed-9d1b-87f1336ed3bb","title":"Women party wear","price":"82.00","image":"https://cdn0.weddingwire.in/article/9403/original/1280/jpg/103049-western-dresses-images-7.jpeg","description":"a party wear dress for women"},{"id":"ab299400-6fa1-11ed-b4e4-c99c22a93835","title":"IFFalcon ultra hd 4k","price":"349","image":"https://rukminim1.flixcart.com/image/416/416/xif0q/television/c/m/t/-original-imaghu25qt3wzz8y.jpeg?q=70","description":"With the iFFALCON TV, which was meticulously created to enhance your visual experience, you can watch your favourite movie and experience every action with vivid clarity and amazing multimedia quality. "},{"id":"2fd643f0-6fad-11ed-819b-7bb84b4ebce1","title":"LG OLED55C1XTZ 55 Inch LED 4K, 3840 X 2160 Pixels TV","price":"230","image":"https://img6.gadgetsnow.com/gd/images/products/additional/original/G306966_View_1/electronics/televisions/lg-oled55c1xtz-55-inch-led-4k-3840-x-2160-pixels-tv.jpg","description":"Size - 55 Inch\r\nResolution - 4K, 3840 x 2160 Pixels\r\nRefresh Rate- 60 Hz"}]